Product Name,Over_All_Rating,Price,Date,Rating,Name,Comment
Buy WROGN Men Woven Design Running Shoes  - Sports Shoes for Men 22241980 | Myntra,4.1,â‚¹899,19 June 2023,5,Sumit Manikrao Raut,Nice Shoes
Buy WROGN Men Woven Design Running Shoes  - Sports Shoes for Men 22241980 | Myntra,4.1,â‚¹899,14 July 2024,5,Navachaithanya,"I recently purchased and I am thoroughly impressed with its quality and performance. The build feels robust and durable, clearly made with high-quality materials. It functions exactly as described, and I havenâ€™t encountered any issues so far."
Buy WROGN Men Woven Design Running Shoes  - Sports Shoes for Men 22241980 | Myntra,4.1,â‚¹899,16 July 2024,5,Kamaljeet Magon,"Good quality comfortable 5star in this range
"
Buy WROGN Men Woven Design Running Shoes  - Sports Shoes for Men 22241980 | Myntra,4.1,â‚¹899,18 May 2023,4,Raj Rohra,Amazing shoe n fitting is also good
Buy WROGN Men Woven Design Running Shoes  - Sports Shoes for Men 22241980 | Myntra,4.1,â‚¹899,21 Aug 2024,4,Nalamaru Sivasankar,Nice
Buy WROGN Men Woven Design Running Shoes  - Sports Shoes for Men 22241980 | Myntra,4.1,â‚¹899,14 May 2023,4,Manoj,Good
Buy WROGN Men Woven Design Running Shoes  - Sports Shoes for Men 22241980 | Myntra,4.1,â‚¹899,2 Apr 2024,5,Vinod Vakiti,Awesome ðŸ˜Ž
Buy WROGN Men Woven Design Running Shoes  - Sports Shoes for Men 22241980 | Myntra,4.1,â‚¹899,12 Aug 2024,5,Priyanka Joshi,"

I recently ordered a pair of shoes from Myntra, the outcome was fantastic. I decided to gift the shoes to my brother for Rakshabandhan, and he was thrilled with them! The quality is exceptional, and the style suited him perfectly. Myntraâ€™s efficient service made the entire process smooth, and Iâ€™m very pleased with the overall experience. Great selection, great serviceâ€”definitely recommend shopping on Myntra!"
Buy WROGN Men Woven Design Running Shoes  - Sports Shoes for Men 22241980 | Myntra,4.1,â‚¹899,2 Sept 2023,5,Prasad Walunj,Shoes are awesome.. Light weight and soft.. Great purchase on myntra â˜º
Buy WROGN Men Woven Design Running Shoes  - Sports Shoes for Men 22241980 | Myntra,4.1,â‚¹899,9 Sept 2023,5,Iram,"It's an orginal good quality product, and was delivered fast."
Buy WROGN Men Woven Design Running Shoes  - Sports Shoes for Men 22241980 | Myntra,4.1,â‚¹899,7 Oct 2024,4,Rahul,Shoes was good. As per price.
Buy WROGN Men Woven Design Running Shoes  - Sports Shoes for Men 22241980 | Myntra,4.1,â‚¹899,26 June 2023,5,Chandrashekhar H M,Nice 
Buy WROGN Men Woven Design Running Shoes  - Sports Shoes for Men 22241980 | Myntra,4.1,â‚¹899,10 Sept 2023,2,Pratik Agarwal,Not good
Buy WROGN Men Woven Design Running Shoes  - Sports Shoes for Men 22241980 | Myntra,4.1,â‚¹899,28 Apr 2024,5,Mama,Jj
Buy WROGN Men Woven Design Running Shoes  - Sports Shoes for Men 22241980 | Myntra,4.1,â‚¹899,27 Jan 2024,3,Aniqul Islam,Nyc
Buy WROGN Men Woven Design Running Shoes  - Sports Shoes for Men 22241980 | Myntra,4.1,â‚¹899,3 Oct 2023,3,Kapil,Okay quality 
Buy WROGN Men Woven Design Running Shoes  - Sports Shoes for Men 22241980 | Myntra,4.1,â‚¹899,9 Aug 2023,3,Rajan,
Buy WROGN Men Woven Design Running Shoes  - Sports Shoes for Men 22241980 | Myntra,4.1,â‚¹899,14 Sept 2023,1,Yash,Shoe Soul is very low quality.  It is slipping within a month.
Buy WROGN Men Woven Design Running Shoes  - Sports Shoes for Men 22241980 | Myntra,4.1,â‚¹899,19 Sept 2023,1,Rakesh Dommati,"Quantity is very bad, not as expected "
Buy WROGN Men Woven Design Running Shoes  - Sports Shoes for Men 22241980 | Myntra,4.1,â‚¹899,31 May 2024,5,Lathiya Chirag,Super
Buy WROGN Men Woven Design Running Shoes  - Sports Shoes for Men 22241980 | Myntra,4.1,â‚¹899,7 Oct 2024,5,Myntra Customer,Best 
